Name,Price,Brand,Speed,Spin,Control,Tackiness,Weight,Sponge Hardness,Gears,Throw Angle,Consistency,Durability
Andro NUZN 55,$69.95,Andro,9.6,9.5,9.0,2.2,7.3,8.8,8.3,6.4,9.4,8.4
Donic Bluestorm Pro AM,$59.95,Donic,9.1,9.5,9.2,1.4,5.3,6.8,9.4,5.6,9.3,7.8
Tibhar Hybrid MK,$66.95,Tibhar,8.9,9.1,9.3,2.5,4.1,6.5,8.7,6.0,10.0,6.2
Nittaku Hammond Z2,$59.95,Nittaku,9.3,9.3,9.1,2.1,3.6,6.8,8.4,6.5,9.5,8.1
Tibhar Hybrid K1 European Version,TBD,Tibhar,9.1,9.5,9.2,5.5,5.2,7.9,9.0,6.0,9.6,8.4
Victas V > 22 Double Extra,TBD,Victas,9.2,9.5,9.4,2.7,5.4,6.9,8.0,5.5,9.3,6.6
DHS Hurricane 3 National (Blue Sponge),$125.95,DHS,9.2,9.6,9.2,8.5,6.3,8.1,9.4,5.6,9.4,8.4
Victas TRIPLE Double Extra,TBD,Victas,9.2,9.5,9.1,9.4,7.8,9.7,9.7,3.6,9.4,5.3
DHS Gold Arc 9,TBD,DHS,9.0,9.4,9.1,0.5,4.5,6.8,9.4,6.4,10.0,7.9
Donic Bluefire M1 Turbo,$52.95,Donic,9.5,9.4,8.5,2.6,6.3,7.8,9.1,6.3,9.4,7.4
Donic Acuda Blue P2,TBD,Donic,9.0,9.4,9.1,2.8,4.0,4.4,8.2,4.5,9.1,7.3
Victas V > 20 Double Extra,TBD,Victas,9.1,9.5,8.9,1.7,6.0,7.6,9.1,6.4,10.0,6.5
Yasaka Rakza 9,$52.95,Yasaka,9.4,9.3,8.9,2.3,4.6,6.3,8.8,4.3,9.3,8.7
Tibhar 1Q XD,TBD,Tibhar,9.4,9.1,8.3,3.5,6.0,7.4,8.6,6.0,9.4,8.2
JOOLA Rhyzm-P,TBD,JOOLA,9.2,9.4,9.3,2.3,4.4,5.9,8.8,5.5,9.6,8.6
Andro Rasanter R50,TBD,Andro,9.4,9.4,8.7,1.8,6.5,8.3,9.2,5.9,9.3,8.3
Tibhar Evolution MX-S,$59.95,Tibhar,9.2,9.5,9.1,2.4,6.6,7.6,9.0,5.1,9.2,7.5
Gewo NanoFlex FT48,TBD,Gewo,9.4,9.4,9.1,1.0,4.9,6.7,8.8,5.3,9.2,8.1
Xiom Omega V Asia,TBD,Xiom,9.4,9.5,9.1,2.1,5.8,7.7,9.1,6.1,9.7,8.7
JOOLA Dynaryz AGR,TBD,JOOLA,9.3,9.4,9.0,1.6,5.1,6.9,7.4,5.5,8.9,7.3
Andro Hexer Powergrip,$47.95,Andro,9.2,9.3,9.3,1.2,5.4,6.8,8.9,5.7,9.9,8.1
Andro Rasant,TBD,Andro,9.2,9.3,9.0,2.1,5.2,5.5,8.9,5.6,9.5,8.4
Gewo Flexxon,TBD,Gewo,9.2,9.4,9.2,2.5,4.8,6.8,8.2,4.3,9.4,8.2
Adidas P7,TBD,Adidas,8.8,9.5,9.1,2.1,4.4,6.5,9.0,6.1,9.5,8.4
DHS Hurricane 3 Provincial (No. 22 Blue Sponge),TBD,DHS,9.2,9.4,9.3,7.6,6.5,7.8,8.7,5.9,8.6,8.5
Yasaka Valmo,TBD,Yasaka,9.2,9.2,9.0,2.1,4.7,6.4,8.6,4.6,9.2,9.2
Butterfly Tenergy 25 FX,$79.99,Butterfly,9.1,9.2,8.9,2.7,4.4,4.1,9.0,4.8,9.6,8.4
Andro Rasanter R45,$57.95,Andro,8.9,9.2,9.2,0.8,4.8,4.5,6.7,5.8,8.7,6.8
Xiom Omega IV Asia,TBD,Xiom,9.2,9.0,8.8,2.3,4.5,7.2,8.8,5.4,9.6,7.9
Tibhar Nianmor,TBD,Tibhar,9.3,9.2,8.1,2.8,5.0,7.3,9.0,5.2,8.6,8.3
TSP Super Ventus,TBD,TSP,9.2,9.5,9.4,1.4,5.8,6.8,9.4,5.2,9.5,9.0
JOOLA MAXXX-P,TBD,JOOLA,9.1,9.3,9.4,2.1,4.2,5.0,8.3,4.8,8.9,8.7
Yasaka Rakza Z Extra Hard,$54.95,Yasaka,9.1,9.4,8.9,6.9,7.9,9.6,8.8,5.8,9.8,8.4
Andro Rasant Grip,TBD,Andro,9.1,9.4,9.1,2.4,5.6,5.5,8.7,4.9,9.5,8.3
Tibhar Genius Sound,TBD,Tibhar,8.7,9.5,8.9,2.7,3.4,2.7,7.5,6.1,9.4,7.4
DHS NEO Hurricane 3 National (Blue Sponge),TBD,DHS,9.1,9.4,9.1,7.7,6.6,7.9,9.1,6.1,8.8,7.5
Andro Rasanter C48,$59.95,Andro,8.8,9.3,9.2,4.3,5.1,6.5,8.0,6.1,9.6,6.3
Victas VJ > 07 Stiff,TBD,Victas,9.0,9.3,9.3,0.4,4.0,4.8,8.6,4.5,9.4,8.8
Andro Rasant PowerGrip,TBD,Andro,9.4,9.3,9.0,2.1,6.6,7.9,8.9,5.6,9.6,8.0
Victas V > 01 Limber,TBD,Victas,8.7,9.4,9.4,1.4,3.5,3.6,8.5,4.9,9.6,8.1
DHS Gold Arc 8,TBD,DHS,9.4,9.3,9.1,2.0,5.9,6.7,8.7,5.7,9.4,8.3
TSP Ventus Spin,TBD,TSP,8.8,9.4,9.3,1.4,2.8,3.2,8.3,6.2,9.7,8.2
Friendship/729 Battle II Provincial,TBD,Friendship/729,8.9,9.4,9.1,8.6,6.1,8.5,9.4,3.7,9.1,8.6
Donic BlueGrip C2,$52.95,Donic,9.2,9.4,9.1,5.5,6.5,9.1,9.1,7.3,9.7,7.6
Butterfly Tenergy 80,$79.99,Butterfly,9.3,9.4,9.0,2.1,5.5,5.4,9.0,5.9,9.1,7.7
Donic BlueStar A1,$69.95,Donic,9.4,9.4,8.8,2.3,6.8,9.6,9.1,6.1,9.4,7.7
Xiom Sigma 1 Euro,TBD,Xiom,9.3,9.3,9.1,1.9,5.4,5.5,9.0,4.9,9.8,8.7
Victas Ventus Extra,TBD,Victas,9.2,9.4,9.4,0.9,5.8,6.8,9.2,4.7,9.6,9.4
Tibhar 5Q,TBD,Tibhar,8.8,9.3,8.7,2.7,4.4,5.4,7.8,6.0,9.7,8.4
Yasaka Rigan Spin,TBD,Yasaka,8.7,9.3,9.4,1.8,4.2,4.8,8.9,4.2,9.4,9.3
Butterfly Zyre 03,$119.99,Butterfly,9.2,9.5,8.9,2.5,5.0,7.8,9.1,5.6,9.5,7.1
TSP Ventus Soft,TBD,TSP,8.8,9.4,9.3,1.6,2.0,1.3,8.3,6.3,9.1,7.8
DHS Skyline 2 Provincial Blue Sponge,TBD,DHS,8.3,9.5,9.4,8.6,6.7,9.6,9.1,3.4,9.2,8.4
Andro Rasanter R53,$57.95,Andro,9.5,9.4,8.9,1.4,7.6,9.1,9.4,6.2,9.2,9.2
Donic J.O. Waldner,TBD,Donic,8.2,8.8,8.8,3.1,4.2,5.2,9.3,3.2,9.0,8.0
Yasaka Rakza Z,$54.95,Yasaka,8.7,9.5,9.2,6.6,6.7,7.7,8.7,6.5,9.4,8.3
Sanwei Target National (New),TBD,Sanwei,8.8,9.3,8.8,8.5,5.5,7.5,8.9,4.2,8.6,7.9
Tibhar 5Q Update,TBD,Tibhar,9.1,9.1,9.0,2.4,4.8,5.1,9.1,5.8,10.0,8.5
Tibhar Grip-S,TBD,Tibhar,8.6,9.2,8.6,6.8,6.5,6.6,8.6,6.2,8.8,7.3
Xiom Sigma II Euro,TBD,Xiom,9.2,9.4,9.1,1.9,5.4,4.9,9.1,5.7,9.8,7.7
Andro Rasant Turbo,TBD,Andro,9.5,9.1,8.4,1.5,5.9,7.0,8.9,5.1,9.4,9.1
Tibhar Rapid X-Press,TBD,Tibhar,9.2,9.2,8.3,3.8,3.8,5.3,8.9,4.0,5.5,6.4
Haifu White Shark II (Tuned),TBD,Haifu,8.7,8.1,8.5,2.2,3.7,2.8,6.8,3.5,7.5,5.5
Tibhar Evolution MX-P 50,$64.95,Tibhar,9.3,9.4,9.0,2.3,7.5,9.5,9.0,4.0,9.3,8.4
Gewo NanoFLEX FT45,TBD,Gewo,9.1,9.4,9.4,0.7,4.4,5.3,8.3,6.5,8.9,8.4
Xiom Jekyll & Hyde C55.0,TBD,Xiom,9.0,9.7,9.1,5.0,7.5,8.9,8.9,4.9,8.9,6.1
Yasaka Rising Dragon,TBD,Yasaka,8.9,9.5,9.3,6.0,5.5,6.5,9.1,4.4,8.7,8.0
JOOLA Maxxx 500,TBD,JOOLA,9.4,9.3,9.1,2.4,6.5,8.5,7.9,7.3,8.8,7.2
Yasaka Xtend HS,TBD,Yasaka,9.3,9.3,9.2,2.2,3.5,2.4,7.5,2.7,8.8,6.7
Gewo Proton Neo 325,TBD,Gewo,7.8,9.1,9.2,0.5,1.2,0.5,7.2,6.4,9.2,7.8
Gewo NanoFLEX FT40,TBD,Gewo,8.6,9.4,9.4,1.1,3.9,3.2,7.9,7.5,10.0,8.3
Xiom Omega IV Euro,TBD,Xiom,9.0,9.3,8.9,2.5,4.3,5.0,8.5,5.6,9.3,7.6
Gewo Hype XT Pro 50.0,TBD,Gewo,9.3,9.3,9.1,2.2,6.1,7.7,8.7,5.9,8.9,8.1
Adidas Tenzone Ultra,TBD,Adidas,9.2,9.4,8.9,2.3,5.2,7.2,8.3,6.1,9.4,8.3
Palio Aeolus,TBD,Palio,9.3,9.2,9.4,4.4,5.3,6.8,9.3,5.8,9.4,8.3
Tibhar Evolution MX-P,$59.95,Tibhar,9.5,9.3,8.7,2.3,6.5,7.0,8.7,5.5,8.9,7.0
Yasaka Rakza XX,$79.95,Yasaka,9.2,9.2,8.8,1.6,5.2,6.8,7.8,6.5,10.0,7.3
Yasaka Rakza 7,$52.95,Yasaka,8.9,9.2,8.9,2.6,4.9,6.1,8.5,5.5,9.6,8.0
Nittaku Renanos Hold,TBD,Nittaku,8.9,9.4,9.1,4.1,4.8,6.0,8.9,5.1,9.4,8.0
Nittaku Fastarc G-1,$49.95,Nittaku,9.0,9.3,9.1,2.3,5.5,6.7,9.1,6.1,9.7,8.8
Nittaku Sieger PK50,TBD,Nittaku,8.6,9.2,9.2,6.1,6.2,8.5,8.9,6.0,9.5,7.5
Gewo Proton Neo 450,TBD,Gewo,9.0,9.3,9.4,0.0,4.0,4.6,8.5,6.2,8.8,9.4
Butterfly Tenergy 25,$79.99,Butterfly,9.2,9.1,8.8,2.5,6.8,6.7,8.6,4.3,10.0,8.2
Nittaku Hurricane Pro III Turbo Blue,TBD,Nittaku,8.8,9.5,8.8,8.5,8.5,9.4,9.4,5.5,8.5,8.0
Tibhar Quantum S,TBD,Tibhar,8.8,9.4,9.2,1.8,3.7,4.6,9.3,3.8,9.6,9.0
Andro Rasanter R47,$51.95,Andro,9.4,9.3,8.9,1.8,5.6,6.5,8.8,5.9,9.3,7.6
Tibhar Evolution EL-P,$59.95,Tibhar,9.1,9.2,9.0,2.2,5.8,5.0,8.2,5.3,9.5,8.1
Stiga Magna TX,TBD,Stiga,9.1,9.3,8.8,2.9,3.4,6.2,8.0,4.6,10.0,9.1
Xiom Omega IV Pro,TBD,Xiom,9.3,9.2,8.8,2.4,5.5,6.8,8.8,4.8,9.4,8.5
TSP Regalis Blue,TBD,TSP,9.3,9.5,9.4,2.1,4.3,5.6,9.3,5.5,9.3,8.2
Victas VS > 402 Double Extra,TBD,Victas,8.8,9.4,9.4,1.2,6.5,6.6,8.8,5.5,10.0,8.1
JOOLA Dynaryz ZGR,TBD,JOOLA,8.9,9.5,9.2,6.5,6.3,9.6,8.3,6.2,8.7,7.7
Yasaka Mark V HPS,$47.95,Yasaka,9.0,9.1,9.1,4.0,3.6,4.7,8.8,4.2,9.1,7.8
Nittaku Goriki Kaisoku,TBD,Nittaku,9.4,9.1,9.1,1.6,5.6,6.0,8.3,4.4,10.0,9.0
Andro Rasanter R48,$57.95,Andro,8.9,9.4,8.9,2.0,5.3,6.6,8.1,5.8,8.3,7.4
Butterfly Tenergy 64,$79.99,Butterfly,9.3,8.8,8.5,2.5,5.5,5.1,8.5,5.4,9.2,8.0
DHS Gold Arc 3,TBD,DHS,8.8,9.1,9.2,5.1,5.5,6.5,9.3,5.5,9.2,8.7
Donic Acuda Blue P1,TBD,Donic,9.3,9.2,8.9,2.6,5.2,6.0,8.6,5.6,9.2,7.2
Gewo Hype KR Pro 47.5,TBD,Gewo,9.3,9.4,9.1,2.2,5.2,6.7,7.0,4.5,8.8,6.6
Butterfly Dignics 80,$93.99,Butterfly,9.4,9.1,8.9,1.7,5.8,6.6,8.2,5.5,9.7,8.7
Xiom Sigma II Pro,TBD,Xiom,9.4,9.3,8.7,2.5,6.4,7.2,8.8,5.5,9.5,8.3
Gewo Nexxus EL Pro 43,TBD,Gewo,9.0,9.3,9.3,1.2,3.5,4.3,8.0,6.0,8.6,7.3
Adidas TenZone Ultra SF,TBD,Adidas,9.0,9.2,9.3,2.4,4.2,4.1,7.9,4.8,9.2,8.2
Andro Rasant Powersponge,TBD,Andro,8.7,9.3,9.4,2.3,3.9,3.0,8.5,4.3,9.3,8.4
Yasaka Mark V GPS Soft,TBD,Yasaka,8.2,8.5,8.6,5.0,4.6,3.5,8.7,4.2,8.1,8.1
Stiga Boost TX,TBD,Stiga,9.3,9.0,8.5,2.0,3.2,5.2,8.3,3.8,8.6,7.8
TSP Agrit Speed,TBD,TSP,9.0,9.0,9.0,3.1,5.3,6.6,7.8,6.8,8.3,7.9
Butterfly Dignics 64,$93.99,Butterfly,9.4,9.2,8.9,1.7,4.6,6.2,8.9,4.0,9.5,8.1
Gewo Neoflexx EFT 48,TBD,Gewo,8.0,9.4,9.3,1.7,5.5,6.7,7.0,4.8,8.7,8.1
Donic Bluefire JP 03,TBD,Donic,8.6,9.1,9.4,2.0,5.1,3.4,7.5,5.4,9.3,6.7
Tibhar Genius,$49.95,Tibhar,8.9,9.3,8.9,2.8,5.3,5.6,7.9,5.9,9.4,8.3
Gewo Proton Neo 475,TBD,Gewo,9.4,9.4,9.3,0.2,5.8,7.0,7.3,3.3,9.4,8.8
JOOLA Tronix ACC,TBD,JOOLA,8.9,9.3,9.3,0.6,4.0,6.1,7.8,5.8,10.0,8.5
Nittaku Flyatt Spin,$39.95,Nittaku,8.9,9.2,9.3,2.1,3.8,4.2,8.8,4.4,10.0,9.1
Butterfly Tenergy 19,$79.99,Butterfly,9.0,9.2,9.2,1.6,4.5,5.8,8.2,5.8,9.4,7.7
Nittaku Fastarc P-1,TBD,Nittaku,9.3,9.3,9.0,2.9,5.5,5.6,9.3,6.0,9.2,9.1
Gewo Neoflexx EFT 40,TBD,Gewo,6.9,8.5,9.1,1.7,2.2,2.8,4.3,6.2,8.6,7.6
Nittaku Narucross EX Hard,TBD,Nittaku,9.2,8.9,8.5,3.3,4.3,6.8,9.1,4.8,10.0,8.2
Killerspin Fortissimo,TBD,Killerspin,9.5,8.9,8.9,2.6,4.0,4.4,8.4,3.7,9.6,8.7
DHS NEO Hurricane 3 Provincial (Orange Sponge),TBD,DHS,8.6,9.4,9.0,7.8,6.5,7.3,9.0,5.5,8.1,8.0
Xiom Omega 3 Asian,TBD,Xiom,9.5,8.9,8.8,0.7,4.0,7.7,7.0,3.0,9.0,6.3
Donic Baracuda,$44.95,Donic,8.7,9.5,8.6,2.3,5.5,4.9,7.8,7.3,8.8,7.7
Nittaku Fastarc S-1,$44.95,Nittaku,9.1,8.9,9.1,1.9,3.2,4.4,8.5,5.4,9.4,7.9
Xiom Omega V Tour,TBD,Xiom,9.2,9.4,9.3,1.8,5.8,6.8,9.1,5.2,9.4,7.9
TSP Ventus Speed,TBD,TSP,9.3,9.2,9.2,1.3,4.6,6.1,7.5,4.3,9.3,7.9
Victas V > 15 Limber,TBD,Victas,8.8,9.4,9.4,1.8,4.3,4.3,8.2,4.7,9.6,7.8
Donic Coppa X1 Turbo Platin,TBD,Donic,9.5,9.2,8.4,2.0,4.1,6.1,7.9,4.1,8.8,7.7
Andro Hexer Powergrip SFX,$47.95,Andro,8.7,9.0,9.1,1.6,3.8,3.7,8.4,5.4,9.6,8.2
Donic Acuda S1 Turbo,$48.95,Donic,9.4,9.1,8.3,3.2,6.1,6.9,8.3,6.1,8.5,7.0
Tibhar Aurus Prime,TBD,Tibhar,9.4,9.3,8.9,2.2,5.1,6.9,8.4,6.5,8.8,7.7
Xiom Omega V Euro,TBD,Xiom,9.1,9.3,9.1,2.1,5.5,5.6,8.5,5.9,9.6,8.1
Butterfly Tenergy 05,$79.99,Butterfly,9.3,9.4,8.3,2.3,6.4,6.1,8.6,7.6,9.3,7.7
Butterfly Dignics 05,$93.99,Butterfly,9.1,9.4,8.8,1.8,4.9,7.0,8.4,6.3,8.7,8.5
Yinhe Venus 2,TBD,Yinhe (Galaxy/Milkyway),8.5,8.8,8.6,7.5,5.8,6.8,7.5,4.2,7.7,8.2
Xiom Vega X,TBD,Xiom,8.9,9.1,8.9,1.7,5.9,6.7,7.0,5.8,9.0,7.6
Donic Traction MS Pro,TBD,Donic,9.3,9.3,8.7,2.4,5.8,6.8,7.0,5.3,7.2,6.9
Butterfly Tenergy 05 FX,$79.99,Butterfly,9.1,9.2,8.9,2.9,5.3,4.1,8.4,6.0,9.3,7.7
Victas V > 01 Stiff,TBD,Victas,9.2,9.3,9.3,1.5,4.4,4.8,8.3,5.6,9.4,8.6
Butterfly Bryce High Speed,TBD,Butterfly,9.6,8.8,8.7,1.6,3.1,4.2,7.6,5.2,8.8,8.3
Gewo Nexxus XT Pro 48,TBD,Gewo,9.4,9.4,9.3,1.5,6.1,7.2,7.7,4.5,8.5,8.2
Butterfly Spin Art,TBD,Butterfly,8.6,9.3,8.9,6.0,7.7,9.1,9.2,5.9,9.4,8.4
Donic Bluestorm Z1,$52.95,Donic,9.3,9.3,8.8,2.1,5.7,6.5,9.1,5.6,8.8,6.4
Tibhar Hybrid K3,$74.95,Tibhar,8.8,9.2,8.9,4.6,5.9,8.3,8.9,6.2,9.5,5.0
Gewo Flexxon FX,TBD,Gewo,9.0,9.2,9.1,1.3,3.5,4.2,7.5,6.3,8.6,8.1
Butterfly Dignics 09C,$93.99,Butterfly,8.8,9.5,9.0,5.5,6.8,8.1,9.0,8.3,9.6,7.8
Yinhe Apollo 5,TBD,Yinhe (Galaxy/Milkyway),9.0,9.4,9.2,5.3,6.1,7.6,8.6,5.3,9.0,8.2
Globe 999 National,TBD,Globe,7.8,9.2,9.0,6.2,6.3,6.4,8.3,5.3,9.3,8.3
Nittaku Galze,TBD,Nittaku,8.8,9.1,9.0,1.5,4.2,5.7,9.1,4.4,10.0,8.6
Tibhar Grip-S Europe Soft,TBD,Tibhar,8.4,9.3,8.9,5.1,4.1,4.6,8.8,7.0,10.0,8.8
Gewo Flexxon Soft,TBD,Gewo,8.7,9.4,9.4,1.7,2.8,1.2,7.6,6.6,8.5,8.7
Andro Hexer HD,TBD,Andro,9.3,9.2,8.6,2.8,5.6,6.7,8.1,5.1,9.0,7.7
Yasaka Rakza X,$54.95,Yasaka,9.0,9.0,9.1,2.2,4.9,6.6,8.5,4.7,9.6,8.0
Yinhe 9000 3 Star,TBD,Yinhe (Galaxy/Milkyway),9.2,9.2,9.1,6.8,4.3,5.3,6.3,5.5,8.6,6.8
Tibhar 5Q VIP,TBD,Tibhar,8.6,9.3,9.0,1.8,4.2,5.2,9.0,6.0,10.0,8.8
Stiga Calibra LT,TBD,Stiga,9.3,9.1,8.9,4.5,5.8,7.3,8.5,6.5,8.8,7.4
Yasaka Anti Power (Anti-spin),TBD,Yasaka,4.4,2.5,8.8,1.2,4.1,1.9,3.6,2.3,8.3,9.3
Andro Rasant Beat,TBD,Andro,8.8,9.1,9.3,1.7,2.9,1.6,8.8,4.4,9.7,8.5
Nittaku Hammond Pro Beta,TBD,Nittaku,8.9,8.7,9.1,1.9,2.2,3.3,8.3,2.5,9.9,8.9
Xiom Omega V Pro,TBD,Xiom,9.0,9.1,9.1,2.7,5.5,6.3,8.8,5.4,9.6,8.0
DHS Hurricane 8 Hard,$44.95,DHS,8.7,9.3,9.0,7.6,7.8,9.2,8.4,4.0,8.6,7.1
Nittaku Hammond CR,TBD,Nittaku,8.9,8.8,9.1,2.2,3.4,4.5,8.1,4.3,9.1,8.1
Gewo Nexxus EL Pro 38,TBD,Gewo,8.5,9.2,9.1,1.1,3.5,2.8,7.8,7.1,8.8,7.7
Xiom Omega VII Tour,TBD,Xiom,9.3,9.3,8.2,2.0,7.4,8.8,9.1,6.2,9.5,8.3
Xiom Vega Pro,TBD,Xiom,9.1,9.2,8.7,2.1,5.5,7.0,8.0,5.8,9.3,7.5
Nittaku Alhelg SR,TBD,Nittaku,9.1,9.4,9.0,4.3,6.0,7.2,8.8,4.8,8.8,8.5
Victas VS > 401,TBD,Victas,7.8,9.4,9.3,1.9,8.5,8.1,8.4,4.4,8.8,8.5
Gewo Proton Neo 375,TBD,Gewo,8.6,9.1,9.4,0.5,2.5,2.8,7.3,6.2,9.5,8.4
Stiga Calibra LT Spin,TBD,Stiga,9.1,9.1,8.9,2.4,3.5,3.6,8.4,4.7,8.8,6.1
Victas V > 11 Extra,TBD,Victas,8.8,8.8,9.2,2.1,2.6,5.9,7.4,5.6,9.3,5.8
Donic Bluefire M1,$49.95,Donic,9.3,9.2,8.4,2.7,5.9,7.2,8.0,6.3,9.2,7.3
Nittaku Fastarc C-1,$49.95,Nittaku,9.0,9.1,9.2,2.0,4.4,5.0,7.8,5.4,9.5,8.4
Donic Bluefire JP 01 Turbo,TBD,Donic,9.3,9.4,8.4,3.8,5.3,6.5,8.6,6.0,9.4,8.0
Tibhar Evolution FX-S,$59.95,Tibhar,8.7,9.2,9.2,1.3,5.4,3.2,7.4,5.3,10.0,7.5
Andro Plasma Women,TBD,Andro,8.6,8.7,8.9,1.2,1.1,0.4,8.5,6.9,9.6,8.6
Gewo Codexx EL Pro 52,TBD,Gewo,8.3,9.4,9.3,7.6,6.4,9.7,8.1,5.8,9.5,8.6
Stiga Calibra LT Plus,TBD,Stiga,9.4,9.1,8.6,3.3,6.1,8.2,8.5,6.0,8.4,7.3
Gewo Hype EL Pro 40.0,TBD,Gewo,8.6,9.4,9.5,0.9,2.7,2.3,8.1,7.3,8.1,7.2
Andro Rasanter R42,$51.95,Andro,8.9,9.2,9.2,2.1,3.7,4.1,8.0,6.1,9.0,7.7
Donic Quattro A'Conda Soft,TBD,Donic,6.7,8.7,9.1,2.4,4.9,2.4,7.6,6.0,8.1,5.6
Palio Macro Era,TBD,Palio,9.3,8.6,8.5,1.7,3.9,4.3,8.4,4.3,9.3,5.6
TSP Triple Spin Chop,TBD,TSP,5.7,9.3,9.4,3.5,2.4,2.4,4.8,5.1,9.0,7.8
Andro Rasanter R37,$51.95,Andro,8.7,9.1,9.4,1.6,2.8,1.1,6.7,5.8,9.1,7.8
JOOLA Express One,TBD,JOOLA,9.4,8.8,8.3,2.2,3.7,6.7,6.9,3.4,8.1,6.4
TSP Agrit,TBD,TSP,8.9,9.3,9.4,1.3,1.6,4.6,8.1,6.5,10.0,9.0
Andro Rasanter V42,$34.95,Andro,9.1,9.1,9.2,1.9,4.4,4.2,8.1,4.4,9.7,8.2
Tibhar Aurus,$44.95,Tibhar,8.9,9.0,8.8,2.2,4.7,6.1,8.0,5.8,9.2,7.3
Victas VS > 402 Limber,TBD,Victas,8.7,9.5,9.4,1.9,3.6,3.3,8.5,6.2,10.0,8.0
Donic BlueGrip S2,$48.95,Donic,8.2,9.1,9.3,4.4,3.4,4.2,7.9,5.5,9.5,5.9
Andro Impuls Powersponge,TBD,Andro,8.5,9.2,9.3,1.7,3.2,3.4,8.0,5.5,8.9,9.2
Friendship/729 729-08 Pro,TBD,Friendship/729,8.6,9.3,8.9,4.5,4.0,7.9,7.9,6.6,8.6,8.6
Victas VJC > 07 Sticky Extra,TBD,Victas,8.4,9.2,9.4,3.3,5.2,6.2,7.7,6.2,10.0,8.9
Gewo Nexxus EL Pro 50 Hard,TBD,Gewo,9.3,9.2,9.2,0.3,5.8,7.6,8.3,4.0,9.1,8.2
Tibhar 1Q,TBD,Tibhar,8.7,8.9,8.7,3.2,4.6,6.6,7.5,6.0,9.2,8.3
Stiga Mantra H,TBD,Stiga,9.4,9.1,8.8,2.0,5.9,8.7,7.7,5.4,8.5,7.1
Tibhar Evolution MX-D,$64.95,Tibhar,9.3,9.1,8.6,1.8,6.8,8.6,8.7,4.6,8.9,7.1
Cornilleau Target Pro GT X51,TBD,Cornilleau,9.3,9.2,9.0,1.5,7.0,8.2,8.5,6.0,9.1,7.8
DHS Hurricane 3 (Provincial),TBD,DHS,8.5,9.3,8.7,8.3,6.7,7.3,8.9,6.4,8.2,8.6
JOOLA Rhyzm,TBD,JOOLA,9.1,9.1,8.7,2.3,5.9,6.7,8.6,4.8,8.6,7.8
Tibhar 5Q Sound,TBD,Tibhar,8.3,9.1,9.1,1.6,3.7,1.5,7.4,4.5,10.0,8.4
Friendship/729 Battle 3,TBD,Friendship/729,8.9,9.3,9.2,8.4,6.1,8.1,8.8,4.9,8.4,7.1
Tibhar Grip-S Europe,TBD,Tibhar,8.6,9.3,8.9,5.9,6.3,7.3,8.5,7.6,10.0,8.3
Friendship/729 Battle II Provincial Gold,TBD,Friendship/729,9.1,9.5,8.7,8.6,5.6,8.5,9.3,4.6,8.6,8.5
JOOLA Golden Tango PS,TBD,JOOLA,8.8,9.4,9.1,5.8,6.2,7.4,7.0,6.7,10.0,6.9
Andro Hexer+,TBD,Andro,9.3,9.0,8.7,1.4,3.8,4.5,8.4,4.7,8.9,6.5
Yasaka Xtend,TBD,Yasaka,9.1,8.9,9.0,3.9,2.9,1.9,7.9,5.2,8.6,6.4
Gewo Hype XT Pro 40.0,TBD,Gewo,8.5,9.0,9.0,1.1,2.5,2.3,7.7,6.6,8.3,6.6
Xiom Sigma 1 Pro,TBD,Xiom,9.5,9.1,8.5,1.8,5.9,7.4,8.4,4.8,9.8,7.6
Darker VLON-S Blue V,TBD,Darker,8.9,9.1,8.4,7.2,5.1,7.5,9.1,6.1,8.8,7.7
Gewo Nexxus EL Pro 53 Hard,TBD,Gewo,9.3,9.1,8.9,0.9,6.6,8.3,8.3,2.4,9.1,8.6
DHS Gold Arc 5,TBD,DHS,8.7,9.0,9.3,2.3,4.5,5.3,8.2,4.9,9.0,7.3
Yasaka Rakza 7 Soft,$52.95,Yasaka,8.6,9.2,9.1,2.4,3.7,2.5,7.6,5.5,9.7,7.6
Nittaku Hurricane Pro III Turbo Orange,TBD,Nittaku,8.6,9.3,8.9,8.5,8.3,8.6,8.9,5.3,8.9,7.6
Donic Bluestorm Z1 Turbo,$52.95,Donic,9.4,9.0,8.2,1.8,5.9,7.9,8.0,3.9,9.3,7.9
Yinhe Moon Pro,TBD,Yinhe (Galaxy/Milkyway),8.9,9.2,9.1,6.0,4.9,5.4,8.0,5.9,9.0,7.9
Xiom Vega Europe,TBD,Xiom,8.7,8.9,9.1,1.9,3.4,2.8,7.8,4.7,9.3,6.8
Donic Coppa X1 Gold,TBD,Donic,9.1,8.8,8.7,1.9,3.7,5.6,8.7,4.4,9.2,7.4
Yasaka V Stage,TBD,Yasaka,9.0,9.2,8.6,3.2,3.8,4.3,7.8,2.3,10.0,7.5
Tibhar Genius+ Optimum,$49.95,Tibhar,9.0,9.3,8.9,2.7,4.5,5.8,9.1,5.5,9.7,6.5
Adidas P5,TBD,Adidas,8.9,9.3,9.0,2.7,4.3,6.9,7.8,5.7,9.2,8.1
Tibhar Evolution FX-P,$59.95,Tibhar,8.6,9.1,8.9,2.0,5.1,2.9,8.6,5.5,9.5,7.1
Donic BlueGrip V1,TBD,Donic,8.9,9.4,8.3,7.8,6.4,7.8,8.8,5.5,9.5,9.3
Gewo Mega Flex Control,TBD,Gewo,7.3,8.6,9.4,0.4,3.8,4.0,5.7,4.5,8.9,8.6
Donic Coppa X2 Platin Soft,TBD,Donic,8.7,9.0,8.8,2.2,3.1,3.2,7.8,4.1,8.7,6.9
Cornilleau Target Pro GT-H47,TBD,Cornilleau,9.3,9.2,8.7,2.4,6.3,6.7,8.9,6.6,9.0,7.9
Donic Coppa Speed,TBD,Donic,9.3,9.0,8.3,2.5,4.6,6.7,8.1,3.5,8.8,8.3
Andro Hexer Grip,$47.95,Andro,8.8,9.3,9.2,0.8,4.4,5.2,8.0,5.6,9.2,7.6
Victas V > 15 Extra,TBD,Victas,9.2,9.2,8.9,1.1,6.2,6.8,8.2,5.6,9.2,6.5
Friendship/729 Battle II,TBD,Friendship/729,8.7,9.2,9.0,8.6,6.0,8.0,8.2,5.6,8.4,8.1
Yinhe Mercury III EURO,TBD,Yinhe (Galaxy/Milkyway),8.8,8.7,9.2,0.4,3.6,4.4,7.2,4.9,8.8,8.8
Gewo Nexxus XT Pro 50 Hard,TBD,Gewo,9.5,9.0,8.9,1.3,6.2,7.9,7.7,3.7,9.2,7.7
Donic Acuda S2,$48.95,Donic,8.8,9.0,8.6,2.6,4.4,4.5,7.9,5.1,9.1,7.5
JOOLA Dynaryz ACC,TBD,JOOLA,9.2,9.1,9.1,2.1,5.3,6.6,6.5,5.0,9.4,6.8
DHS Hurricane 8,TBD,DHS,8.5,9.3,9.0,8.1,7.0,7.6,8.9,4.7,8.6,7.8
Xiom Omega VII Euro,TBD,Xiom,9.0,8.9,9.1,1.8,2.8,4.1,7.4,5.7,8.9,7.7
DHS NEO Hurricane 3 Provincial (Blue Sponge),TBD,DHS,8.3,9.3,8.6,8.3,6.6,8.1,8.0,4.2,8.0,8.0
TSP Regalis Red,TBD,TSP,9.3,9.4,9.1,0.7,3.8,5.2,8.0,5.8,9.6,8.1
Donic Coppa X3 Silver,TBD,Donic,8.4,9.2,8.6,1.8,2.4,0.6,6.8,3.5,9.6,7.0
DHS Skyline 3-60 Mid Hard,TBD,DHS,8.5,8.9,9.2,6.1,4.6,6.2,8.8,5.5,9.1,7.9
Andro Hexer Grip SFX,$47.95,Andro,8.5,9.2,9.4,1.4,3.1,1.9,8.2,5.2,10.0,7.8
Tibhar Sinus,$35.95,Tibhar,8.9,9.0,8.4,3.1,4.1,5.5,6.2,5.1,9.1,7.0
Stiga Almana,TBD,Stiga,9.1,8.3,7.9,2.2,4.7,6.7,7.3,4.8,7.5,7.6
Palio CJ8000 Biotech 42-44 Japanese Sponge,TBD,Palio,7.7,8.9,8.3,2.4,6.3,6.0,8.3,7.3,9.3,7.4
Andro Good,TBD,Andro,8.7,9.0,9.1,2.7,3.8,3.7,7.9,6.2,9.5,8.3
Xiom Omega VII Guang China,TBD,Xiom,8.8,9.2,9.1,5.0,7.6,9.2,8.2,5.6,8.5,7.7
Stiga Mantra M,TBD,Stiga,9.1,9.0,8.8,1.6,4.6,5.3,8.0,5.2,8.9,6.9
Gewo Hype EL Pro 42.5,TBD,Gewo,8.8,9.1,9.3,1.1,4.1,4.6,7.2,5.5,8.2,6.8
Victas V > 15 Stiff,TBD,Victas,8.9,9.3,9.3,0.7,4.7,5.6,8.4,5.4,9.6,8.4
Butterfly Aibiss,TBD,Butterfly,8.5,9.3,9.3,4.7,4.0,9.9,8.3,6.2,9.8,8.7
Donic Acuda S1,$48.95,Donic,9.2,9.1,8.2,1.9,4.6,6.7,8.3,5.1,8.9,7.0
Tibhar Primus,TBD,Tibhar,9.0,9.1,9.0,1.8,2.9,2.9,9.0,3.3,10.0,7.1
JOOLA Phenix,TBD,JOOLA,9.2,8.3,7.7,2.5,2.9,5.5,6.3,3.6,10.0,5.3
Palio Blitz,TBD,Palio,9.1,9.0,8.3,2.1,4.4,6.2,8.7,5.7,9.7,7.2
Tuttle Beijing 2,TBD,Tuttle,8.5,9.3,9.1,7.3,6.2,5.4,8.1,5.3,10.0,8.4
Tibhar Sinus Alpha,$35.95,Tibhar,8.5,9.0,8.7,1.1,2.4,2.6,7.8,6.0,9.0,7.1
JOOLA Rhyzer Pro 50,TBD,JOOLA,9.2,9.1,8.9,0.3,5.3,7.5,8.6,5.1,9.0,5.9
KTL (LKT) Pro XT Silver Dragon,TBD,KTL (LKT),8.9,8.8,8.6,6.5,5.6,6.1,7.9,5.3,8.8,6.5
DHS Memo,TBD,DHS,8.5,9.4,8.8,6.8,5.2,5.8,8.6,4.6,9.1,7.3
Xiom Omega VII Pro,TBD,Xiom,9.2,9.1,8.7,1.6,4.3,6.2,8.2,5.2,8.8,6.7
Donic Bluefire JP 02,$36.95,Donic,8.9,8.8,8.6,1.9,5.8,5.2,8.2,4.7,8.6,7.3
Nittaku Narucross EX Soft,TBD,Nittaku,8.8,9.3,8.7,2.5,3.2,2.8,9.4,3.2,10.0,6.8
Butterfly Tenergy 05 Hard,$79.99,Butterfly,9.4,9.3,8.4,1.9,7.9,9.4,8.2,6.1,9.2,7.4
Stiga Airoc S,$36.95,Stiga,8.5,9.0,9.2,4.4,4.0,2.4,7.5,5.7,8.2,7.4
Friendship/729 Battle II Provincial,TBD,Friendship/729,8.6,9.3,8.9,8.6,4.5,8.1,8.7,4.6,8.3,7.7
Andro Hexer Duro,$43.95,Andro,9.1,9.2,8.6,2.8,4.2,4.8,7.0,5.1,8.4,8.4
Butterfly Tenergy 64 FX,$79.99,Butterfly,9.0,8.9,8.5,1.6,4.6,2.9,7.7,3.9,9.4,7.5
Butterfly Bryce Speed FX,TBD,Butterfly,9.4,8.4,8.4,2.5,4.3,3.4,7.2,3.4,8.9,6.9
JOOLA X-Plode Sensitive,TBD,JOOLA,8.5,8.7,8.7,2.2,3.8,4.2,7.7,5.3,8.3,6.9
Gewo Neoflexx EFT 45,TBD,Gewo,7.2,8.7,9.2,3.2,3.6,4.6,4.8,5.6,8.9,7.8
Yasaka Mark V HPS Soft,$47.95,Yasaka,8.8,9.0,8.7,2.6,3.9,3.1,8.3,4.3,9.8,8.7
Air Illumina X88,TBD,Air,8.9,8.9,8.5,2.0,4.3,5.4,7.3,3.3,8.8,7.1
JOOLA Express Two,TBD,JOOLA,8.6,9.0,8.8,2.2,3.6,3.6,8.2,4.8,8.6,6.2
Adidas TenZone,TBD,Adidas,9.2,9.3,8.8,1.9,5.8,6.6,8.2,6.0,8.2,7.4
Andro Rasanter V47,TBD,Andro,9.3,9.0,9.0,1.5,5.0,6.6,8.3,5.3,9.0,8.5
Stiga Carbo Sound,TBD,Stiga,9.2,8.6,9.1,2.1,3.6,3.8,6.3,4.1,8.9,8.2
DHS Hurricane 3 National (Orange Sponge),TBD,DHS,8.4,9.4,8.7,7.7,6.7,7.3,8.7,7.1,9.4,8.1
Nittaku Flyatt Hard,$29.95,Nittaku,9.0,8.8,8.7,2.6,3.5,6.6,7.9,4.3,9.0,8.7
Nittaku Hurricane 3 NEO,TBD,Nittaku,8.2,9.3,9.3,7.8,6.0,7.3,7.0,3.6,9.4,6.5
Stiga Airoc Astro S,$36.95,Stiga,8.9,9.0,8.8,4.2,4.1,3.9,6.5,5.2,8.2,6.4
Xiom Omega VII Asia,TBD,Xiom,9.1,9.3,8.5,2.1,6.1,7.9,8.5,4.1,9.7,8.2
KTL (LKT) Red Diamond,TBD,KTL (LKT),8.5,8.8,8.7,5.3,5.9,6.6,8.2,4.5,8.1,5.9
Loki GTX Pro,TBD,Loki,8.5,9.0,9.0,5.9,6.3,7.1,7.4,4.4,9.5,7.0
Butterfly Bryce Speed,TBD,Butterfly,9.4,8.3,8.0,1.4,5.4,6.7,6.2,2.7,8.2,7.3
Yinhe Big Dipper 5,TBD,Yinhe (Galaxy/Milkyway),8.4,8.9,8.9,5.3,5.7,6.4,8.9,5.1,10.0,7.7
Juic Neo Anti,$36.95,Juic,4.5,3.5,9.2,0.4,3.8,1.0,6.3,2.6,9.4,9.2
Palio Thors,TBD,Palio,8.7,9.3,8.4,6.4,6.7,8.1,8.0,5.0,9.1,7.3
Yasaka Rigan,TBD,Yasaka,8.4,8.9,9.3,2.3,4.0,3.1,7.2,4.6,9.6,7.8
Andro Plaxon 400,TBD,Andro,8.6,9.1,9.3,0.4,3.8,4.1,8.8,4.5,9.4,8.9
Butterfly Tackifire C Soft,TBD,Butterfly,7.4,9.1,8.8,7.1,4.0,2.0,7.0,4.0,9.0,8.2
Nittaku Factive,$39.95,Nittaku,8.5,8.6,9.1,1.6,3.4,5.2,6.9,5.0,9.7,7.9
Palio Hidden Dragon Biotech,TBD,Palio,8.3,8.8,9.0,0.6,4.8,4.4,7.0,5.7,8.3,6.8
Andro Hexer,TBD,Andro,8.7,9.1,8.5,2.4,5.3,6.0,8.7,5.2,9.3,7.6
Yasaka Shining Dragon,TBD,Yasaka,8.8,9.2,9.0,7.2,4.7,5.8,8.4,6.1,9.5,8.1
DHS Skyline TG3 (No. 21 Blue Sponge),TBD,DHS,8.8,9.4,8.8,6.8,4.4,6.3,8.2,6.2,7.2,8.9
JOOLA Energy X-tra,TBD,JOOLA,8.3,8.5,8.6,1.3,2.5,1.5,8.4,5.3,9.4,5.5
Andro Plasma 470,TBD,Andro,9.1,8.7,8.5,0.8,2.4,3.9,8.5,8.1,9.4,7.3
Victas V > 01,TBD,Victas,9.1,8.9,8.9,0.6,4.5,6.3,7.5,4.0,8.3,7.0
Palio Hadou 40+,TBD,Palio,8.7,9.0,9.1,3.7,4.6,5.8,7.1,4.6,9.1,7.4
Stiga Power LT,TBD,Stiga,9.0,8.9,9.0,1.7,2.3,2.9,9.0,6.2,8.9,8.2
Donic BlueGrip C1,$52.95,Donic,9.1,9.3,8.7,6.9,9.5,10.0,8.7,6.9,10.0,8.7
Stiga Almana Sound SynergyTech,TBD,Stiga,9.5,8.7,8.7,3.3,3.4,3.3,6.1,3.4,8.3,5.7
JOOLA Energy Green Power,TBD,JOOLA,9.0,8.5,8.1,1.5,3.1,3.4,7.9,5.1,7.1,4.7
Tibhar Aurus Sound,$44.95,Tibhar,8.5,9.0,8.8,2.2,3.4,2.0,7.1,5.1,9.2,7.0
Xiom Omega 2 Asian,TBD,Xiom,9.3,8.5,7.8,2.1,4.9,6.1,5.3,3.8,7.7,7.4
Bomb Mopha,TBD,Bomb,8.5,8.1,8.7,1.1,2.6,6.1,8.0,3.4,7.5,6.8
Xiom Vega Tour,TBD,Xiom,8.9,8.9,8.8,2.2,3.8,6.7,8.3,5.6,9.4,6.4
Xiom Vega Pro H,TBD,Xiom,8.5,9.1,9.2,3.3,6.4,7.1,7.4,7.3,9.4,5.6
Stiga Mantra S,TBD,Stiga,8.7,9.0,9.1,3.3,4.4,3.0,6.0,3.8,7.8,6.2
DHS NEO Skyline 2 TG2,TBD,DHS,8.5,9.3,8.7,8.1,6.1,7.1,8.2,4.9,8.3,7.8
Donic Acuda S3,$48.95,Donic,8.4,9.0,8.7,1.8,3.6,1.9,7.8,5.5,9.5,7.4
DHS NEO Hurricane 3,TBD,DHS,8.4,9.3,8.7,8.1,6.6,8.0,8.7,5.8,7.4,7.5
Yinhe Jupiter 3 Asia,TBD,Yinhe (Galaxy/Milkyway),8.7,9.0,9.0,7.0,5.8,7.4,8.3,4.7,8.6,7.9
JOOLA Express X-plode,TBD,JOOLA,9.2,8.8,8.2,4.5,5.5,6.5,7.5,5.5,8.6,5.3
DHS Tin Arc 5,TBD,DHS,8.6,8.9,9.0,4.7,5.8,6.2,6.5,4.5,9.3,6.9
DHS NEO Skyline 3 TG3,TBD,DHS,8.5,9.0,8.7,7.5,6.1,7.5,8.3,4.8,7.9,7.8
Giant Dragon SuperSpin G3 Soft,TBD,Giant Dragon,8.4,9.3,8.2,7.5,5.6,4.0,7.5,5.6,7.5,6.5
Reactor Thunder,TBD,Reactor,8.9,8.9,8.6,6.6,6.0,7.1,7.0,5.2,8.5,7.7
Donic Acuda Blue P1 Turbo,TBD,Donic,9.4,9.3,8.9,2.4,5.2,6.5,7.7,5.3,9.3,8.1
Xiom Omega IV Elite,TBD,Xiom,8.2,9.2,8.9,2.2,3.4,1.2,7.3,6.2,9.2,6.4
Donic Bluefire JP 01,TBD,Donic,8.8,9.0,8.9,2.7,5.9,6.5,8.1,5.5,8.8,7.3
Donic Coppa,TBD,Donic,8.4,8.8,8.7,3.8,4.9,5.7,7.9,4.6,10.0,7.3
Donic Bluefire M3,$49.95,Donic,8.4,9.1,8.9,1.8,5.3,3.1,8.1,7.2,8.9,7.9
Nittaku Hurricane 3 (H3),TBD,Nittaku,8.7,9.2,8.9,6.3,6.9,7.6,8.1,6.4,7.3,7.0
Tibhar Nimbus VIP,TBD,Tibhar,9.4,8.8,8.1,4.0,4.7,7.3,8.8,5.7,9.5,7.5
SpinLord Tiger,TBD,SpinLord,8.0,8.0,8.3,2.3,3.8,6.2,7.4,5.8,10.0,7.0
Tibhar Rapid,$38.95,Tibhar,8.3,8.2,8.2,3.2,4.1,4.6,7.5,5.5,7.7,7.5
Stiga Neos Tacky,TBD,Stiga,7.6,9.1,9.1,7.5,2.5,4.6,6.9,6.3,8.8,5.8
Xiom Tau,TBD,Xiom,8.6,9.5,8.7,6.4,5.5,8.3,8.4,7.5,9.6,9.2
DHS Hurricane 3 (H3) Pro (Tuned),TBD,DHS,8.7,9.3,8.5,7.6,7.0,7.1,7.4,6.8,6.9,6.4
Nittaku DHS Hurricane 3,TBD,Nittaku,8.3,9.3,8.9,8.2,6.7,8.1,8.3,8.0,8.1,5.6
Loki Arthur Asia,TBD,Loki,8.4,9.0,8.9,6.8,6.8,8.0,7.7,3.3,9.0,7.1
Tibhar Aurus Soft,$44.95,Tibhar,8.6,9.1,8.8,2.4,4.1,4.6,8.0,6.3,9.2,7.6
Butterfly Cermet,TBD,Butterfly,8.6,8.2,8.3,0.9,2.8,4.0,8.3,2.9,10.0,7.8
Yinhe Big Dipper,TBD,Yinhe (Galaxy/Milkyway),8.6,8.9,8.6,5.1,6.2,7.4,8.1,5.8,8.6,7.5
Palio AK 47 Blue,TBD,Palio,8.9,8.6,8.8,0.7,2.3,2.7,6.8,4.6,8.3,7.2
Nittaku Alhelg,TBD,Nittaku,9.1,9.2,9.1,2.3,5.3,5.3,8.5,5.7,9.2,7.5
Stiga Magna TC II (2),TBD,Stiga,9.0,8.5,8.7,2.8,3.1,4.2,7.8,4.0,9.0,7.3
Donic Bluestorm Z2,$52.95,Donic,9.2,9.0,8.8,1.7,5.2,6.3,8.1,5.1,9.2,5.5
JOOLA Maxxx 450,TBD,JOOLA,9.1,8.9,8.7,0.5,5.6,5.6,8.5,5.8,9.4,7.6
Dawei Inspirit,TBD,Dawei,8.0,8.5,8.2,2.4,5.4,4.9,5.8,3.9,6.3,8.0
Butterfly Sriver G3 FX,TBD,Butterfly,8.6,8.4,8.6,2.7,3.7,3.3,7.9,7.1,8.0,7.1
Donic Desto F3 Big Slam,$38.95,Donic,7.7,8.4,8.6,0.7,1.9,0.2,6.9,5.4,7.7,4.1
Donic Desto F2,$38.95,Donic,8.7,8.7,8.2,2.0,4.0,4.8,5.7,5.1,7.5,5.7
Butterfly Glayzer 09C,$54.99,Butterfly,8.2,9.1,9.2,4.4,4.6,7.2,8.0,7.5,9.3,7.7
DHS Hurricane 3-50,TBD,DHS,8.1,8.9,9.0,8.5,5.8,4.7,8.0,5.3,8.1,7.0
Gewo Nexxus EL Pro 48,TBD,Gewo,9.2,9.0,8.8,1.5,5.7,6.8,7.1,5.0,8.0,7.2
Kokutaku 868 Training Rubber,TBD,Kokutaku,7.8,8.5,9.3,5.4,5.4,6.2,4.9,4.7,6.0,7.8
Friendship/729 Bloom Power,TBD,Friendship/729,8.7,9.0,8.7,8.2,6.8,8.2,8.0,3.8,7.9,8.4
Tuttle Beijing 4,TBD,Tuttle,8.3,8.5,9.1,2.1,2.9,2.6,7.2,4.5,8.9,7.9
XuShaoFa 999 ZCD,TBD,XuShaoFa,8.7,8.8,9.0,5.6,5.6,4.6,5.5,4.3,7.5,6.9
Stiga Calibra Tour M,TBD,Stiga,9.2,8.6,8.7,0.5,4.1,5.5,6.8,3.6,8.1,6.9
Tibhar Sinus Sound,TBD,Tibhar,8.4,8.4,8.8,1.6,1.2,0.7,7.0,4.8,9.6,6.2
Stiga Boost TS,TBD,Stiga,8.8,8.9,8.7,2.4,2.6,1.3,7.6,4.1,8.1,6.9
DHS Skyline TG3,TBD,DHS,8.6,9.0,8.6,8.2,6.8,8.5,7.2,4.5,7.7,7.9
Sanwei Target National,TBD,Sanwei,8.6,9.2,8.9,8.0,7.2,7.1,8.5,4.5,8.4,7.6
Stiga Boost TP,TBD,Stiga,8.9,8.8,8.5,2.7,4.3,5.7,7.5,2.8,7.9,6.8
Palio CJ8000 Biotech 40-42,TBD,Palio,8.3,8.9,9.0,2.4,5.8,5.5,7.8,7.4,7.8,7.9
JOOLA Dynaryz ZGX,TBD,JOOLA,9.4,9.6,8.7,2.8,6.8,8.9,7.9,5.3,8.3,3.4
Donic Desto F1,$38.95,Donic,9.4,8.6,7.4,1.9,4.4,4.4,7.2,6.4,8.0,4.9
Yasaka Mark V XS,TBD,Yasaka,8.4,8.7,8.4,3.2,3.6,4.1,7.4,3.4,8.6,8.5
DHS G666,TBD,DHS,7.7,9.1,9.0,7.8,6.8,6.8,7.6,6.2,7.4,6.7
Gewo Hype EL Pro 47.5,TBD,Gewo,9.1,9.0,9.0,0.5,5.6,6.6,7.3,4.5,7.9,6.7
Friendship/729 729-08,TBD,Friendship/729,8.5,9.2,8.8,7.4,6.1,8.5,7.5,4.9,8.4,7.2
Friendship/729 Origin,TBD,Friendship/729,7.3,8.7,8.7,7.3,5.2,6.7,6.6,4.5,7.1,6.6
Friendship/729 Faster 3,TBD,Friendship/729,8.9,8.8,8.8,6.2,4.9,4.8,6.6,5.6,7.5,7.9
Yinhe Sun,TBD,Yinhe (Galaxy/Milkyway),8.8,8.9,9.1,2.0,5.8,5.2,7.2,4.3,8.4,7.5
JOOLA Mambo H,TBD,JOOLA,8.1,8.9,8.9,3.9,3.7,5.0,7.7,5.5,9.1,7.9
Butterfly Tackifire Special-Soft,TBD,Butterfly,7.9,9.1,9.1,3.4,5.9,3.4,8.3,5.6,9.6,8.7
DHS Hurricane 8-80,TBD,DHS,8.1,9.3,9.1,8.1,6.8,6.4,9.1,5.0,8.5,8.3
Friendship/729 Presto Spin Max,TBD,Friendship/729,8.6,9.2,8.8,2.4,4.5,6.8,7.0,4.3,8.6,6.2
Xiom Vega Asia,TBD,Xiom,8.9,8.4,8.5,2.5,4.2,5.6,7.8,4.5,9.1,7.8
Stiga DNA Pro M,TBD,Stiga,8.8,9.0,8.9,2.1,5.2,6.5,7.4,6.8,8.9,5.7
Palio HK1997 Biotech,TBD,Palio,8.3,8.7,8.9,2.1,4.4,4.5,7.0,4.5,7.3,8.3
Tibhar Evolution EL-S,$59.95,Tibhar,8.7,9.0,8.9,2.3,6.2,6.0,8.5,5.4,8.7,6.7
Donic Coppa JO Gold,TBD,Donic,9.1,8.6,8.4,2.7,4.2,6.7,7.0,4.5,7.7,6.4
Stiga Airoc M,$36.95,Stiga,8.8,9.0,8.7,2.6,5.1,5.4,7.0,5.6,8.5,7.3
Donic Bluefire M2,$49.95,Donic,8.7,9.0,8.5,1.8,5.6,5.4,7.7,6.4,9.2,6.3
Dawei Inspirit Quattro Ultralight 40,TBD,Dawei,8.7,8.2,8.6,2.9,3.5,5.4,8.0,4.3,9.7,8.4
Donic Baracuda Big Slam,$44.95,Donic,8.2,9.2,8.6,2.0,4.5,2.5,6.4,5.9,9.4,6.4
DHS Tin Arc,TBD,DHS,8.3,8.5,8.5,2.5,5.8,6.4,7.6,4.8,8.8,7.9
Xiom Vega Japan,TBD,Xiom,9.0,8.9,8.8,1.9,5.2,5.3,8.4,4.8,9.2,7.2
Butterfly Tenergy 80 FX,$79.99,Butterfly,8.9,8.9,8.6,1.8,4.5,3.6,7.8,5.2,8.8,7.5
Palio HK1997 Gold,TBD,Palio,8.8,8.9,8.8,3.2,4.3,6.8,6.7,4.5,7.8,6.6
Butterfly Glayzer,$54.99,Butterfly,8.6,8.8,9.1,2.0,5.9,6.7,6.8,6.5,9.5,7.5
Donic Sonex JP Gold,TBD,Donic,9.0,8.6,8.1,2.3,4.3,4.5,7.0,3.3,7.9,5.6
Butterfly Solcion,TBD,Butterfly,7.9,8.2,8.9,1.6,2.7,0.2,7.8,5.9,9.4,7.4
JOOLA Tango Extrem,TBD,JOOLA,8.7,8.2,6.5,4.1,4.0,4.1,7.3,3.5,10.0,6.3
Palio CJ8000 Biotech 36-38,TBD,Palio,7.6,8.5,9.2,4.6,4.5,3.3,8.3,6.1,9.0,7.3
Friendship/729 Focus 3 Snipe,TBD,Friendship/729,8.6,8.3,8.9,1.5,2.1,3.1,7.1,4.1,8.4,6.8
Friendship/729 729-5,TBD,Friendship/729,8.8,8.7,8.9,3.5,4.5,6.0,6.3,5.3,8.8,7.7
JOOLA Rhyzer 48,TBD,JOOLA,9.1,9.0,8.2,0.5,5.3,5.8,7.5,5.7,6.3,5.7
Butterfly Roundell Soft,TBD,Butterfly,8.6,8.7,8.8,2.4,2.5,0.6,7.8,4.4,9.6,6.6
Palio CJ8000 Extreme Spin,TBD,Palio,8.3,9.0,8.9,6.4,4.2,4.8,6.3,4.9,8.6,8.3
DHS Tin Arc 3,TBD,DHS,8.6,8.9,9.0,4.2,6.2,5.8,7.5,5.2,9.0,7.4
Butterfly Rozena,$39.99,Butterfly,8.6,8.4,8.7,1.5,4.5,5.0,6.9,5.5,9.0,6.8
Yasaka Mark V M2,$39.95,Yasaka,8.7,8.4,8.5,3.0,4.5,4.4,5.9,3.3,8.5,7.2
Tibhar Legend Destroyer,TBD,Tibhar,7.5,8.4,8.3,7.2,4.1,6.2,8.0,5.3,9.4,7.7
Dawei Saviga,TBD,Dawei,8.3,8.4,8.5,1.3,5.5,6.9,8.1,2.7,7.0,6.5
Friendship/729 729-08 ES,TBD,Friendship/729,8.3,8.6,8.7,4.9,5.1,5.8,7.5,5.7,9.3,7.2
Friendship/729 729 OEM,TBD,Friendship/729,8.3,8.3,9.1,5.8,3.2,5.0,6.0,4.2,8.1,6.8
Tibhar Quantum,$39.95,Tibhar,8.4,8.9,9.1,1.6,3.0,4.8,8.5,6.2,8.3,6.9
DHS Hurricane 9 Blue,$47.95,DHS,8.6,9.0,8.8,5.6,6.8,8.0,7.0,4.5,7.5,7.4
DHS Hurricane 2 (No. 19 Sponge),TBD,DHS,8.7,9.0,8.7,6.9,5.3,5.3,6.3,5.8,6.4,7.9
Nittaku Hammond,$37.95,Nittaku,9.1,8.5,8.1,1.0,2.7,2.9,6.8,2.3,7.5,6.8
Yinhe Earth 2,TBD,Yinhe (Galaxy/Milkyway),8.7,8.1,8.9,3.1,3.8,3.4,5.8,4.8,9.3,8.6
Nittaku Hammond X,TBD,Nittaku,8.9,8.7,8.1,3.1,4.0,5.0,5.3,2.0,8.9,7.4
Butterfly Tackiness Chop 2,TBD,Butterfly,6.6,8.8,9.0,5.4,3.8,5.1,6.1,3.3,9.7,6.7
Andro Backside 2.0D,TBD,Andro,7.8,9.1,9.1,3.5,5.3,4.0,7.0,4.7,9.4,7.4
Tuttle Prevention Arc,TBD,Tuttle,5.4,5.7,9.2,0.0,1.6,0.8,1.3,1.1,10.0,8.9
Dawei Inspirit Quattro Ultralight SV 35,TBD,Dawei,8.3,8.5,8.6,2.9,3.9,2.2,7.1,4.1,9.3,7.7
Tibhar Super Defense 40,$59.95,Tibhar,6.3,8.7,8.6,2.0,2.7,4.7,6.4,2.6,9.2,6.8
Palio CJ8000 Biotech 36-38 Japanese Sponge,TBD,Palio,7.6,8.7,9.2,2.6,5.2,3.7,6.8,6.2,7.8,8.5
Friendship/729 RITC 2000 Tack Speed,TBD,Friendship/729,8.3,8.8,8.6,5.9,4.4,5.0,6.4,5.8,8.5,7.2
Donic Vario Big Slam,TBD,Donic,7.6,8.4,8.8,0.0,2.7,0.6,6.4,4.7,7.1,5.6
Donic Coppa JO Silver,TBD,Donic,8.6,8.8,8.2,2.5,3.5,3.0,6.7,4.8,8.5,5.8
Tibhar Aurus Select,$34.95,Tibhar,8.8,8.9,9.2,2.3,4.2,5.0,6.8,6.7,9.0,6.4
Dawei Sprungfeder G3 A2,TBD,Dawei,7.8,9.1,9.0,7.7,7.0,8.8,6.5,6.0,6.0,6.7
Yasaka Zap Biotech 36-38,TBD,Yasaka,8.0,8.3,8.5,2.6,4.3,3.0,7.0,5.1,6.7,8.6
Friendship/729 729-2 Sensor,TBD,Friendship/729,8.7,8.6,8.6,3.6,5.7,6.6,7.4,5.1,8.1,7.6
Stiga Boost TC,TBD,Stiga,8.7,8.4,8.2,1.9,2.6,1.7,6.5,4.7,7.8,5.8
Xiom Jekyll & Hyde V47.5,TBD,Xiom,9.3,8.8,9.0,0.6,6.3,7.8,7.8,4.5,7.9,6.5
DHS Hurricane 3 (National),TBD,DHS,8.1,9.4,8.6,7.9,7.0,7.8,7.9,6.4,6.8,7.4
Stiga Calibra LT Sound,TBD,Stiga,9.1,8.7,8.5,2.0,2.7,1.7,7.7,4.4,8.3,6.9
Friendship/729 Aurora,TBD,Friendship/729,9.1,9.1,9.0,1.3,3.8,3.0,8.0,4.4,8.6,6.9
Palio AK 47 Red,TBD,Palio,9.1,8.4,8.5,0.6,2.6,6.3,6.4,4.7,7.8,7.1
Yasaka Mark V,$37.95,Yasaka,8.0,8.2,8.7,2.6,4.0,4.5,7.6,4.4,9.4,8.7
Palio AK 47 Yellow Sponge,TBD,Palio,8.6,8.4,8.7,0.7,3.2,4.3,6.2,5.0,8.0,7.0
KTL (LKT) Rapid Speed,TBD,KTL (LKT),8.5,8.5,8.5,3.3,4.4,5.8,7.0,3.4,8.9,8.0
Yasaka Mark V 30,$37.95,Yasaka,7.3,7.9,7.6,1.9,2.4,0.7,6.7,3.8,9.4,7.1
Yinhe Moon,TBD,Yinhe (Galaxy/Milkyway),8.7,8.6,8.8,1.9,4.5,5.5,6.1,4.7,8.1,6.5
Donic Coppa Tagora,TBD,Donic,8.3,8.8,8.9,2.3,2.0,1.7,6.7,4.4,10.0,6.6
Loki RXTON 3,TBD,Loki,8.3,8.7,8.8,5.7,5.6,7.5,6.3,5.1,8.6,6.1
Yinhe Saturn Pro,TBD,Yinhe (Galaxy/Milkyway),8.6,9.0,8.9,5.5,4.3,5.7,7.5,5.0,9.0,6.1
DHS Hurricane 2 (H2),TBD,DHS,8.5,9.3,8.0,8.6,7.6,8.7,6.3,3.4,7.1,7.9
Yinhe Jupiter II,TBD,Yinhe (Galaxy/Milkyway),8.5,8.7,9.0,6.2,5.6,6.5,6.9,6.2,9.1,7.3
Butterfly Sriver G2,TBD,Butterfly,8.4,8.2,8.6,2.5,4.1,5.0,5.9,4.1,9.3,7.9
Andro Hexer Powersponge,TBD,Andro,8.3,8.8,8.9,0.4,3.8,1.7,7.9,5.3,8.9,6.6
Friendship/729 729,TBD,Friendship/729,8.1,9.1,8.4,6.5,5.6,6.2,5.8,5.7,6.0,6.6
Palio CJ8000 Biotech 39-41,TBD,Palio,7.1,8.6,8.7,2.5,3.5,3.5,6.1,5.8,9.3,7.7
Donic Coppa JO Platin,TBD,Donic,9.3,8.8,7.6,2.0,3.7,5.1,6.6,3.9,8.4,4.8
Yasaka New Era,TBD,Yasaka,8.2,8.4,7.7,6.2,4.9,7.7,6.0,5.5,10.0,7.2
Tibhar Quantum X Pro,$61.95,Tibhar,8.9,8.1,8.5,3.0,4.0,6.4,7.0,4.8,10.0,6.4
Tibhar Nimbus Sound,$53.95,Tibhar,8.6,8.2,8.2,0.8,1.1,0.4,6.5,5.0,8.1,4.7
DHS NEO Hurricane 2,TBD,DHS,8.3,9.3,8.3,8.3,7.4,8.8,7.7,3.0,8.1,7.9
Tibhar Nimbus Soft,$53.95,Tibhar,8.3,8.6,8.6,1.6,1.9,1.6,6.8,3.5,8.3,4.6
Stiga Genesis S,$31.95,Stiga,8.5,8.9,9.0,4.3,5.1,3.8,5.9,5.3,6.5,6.7
Andro Plasma 380,TBD,Andro,7.7,8.3,8.8,2.0,2.7,0.9,6.0,4.0,10.0,5.5
Stiga Neos Sound SynergyTech,TBD,Stiga,8.3,8.6,8.3,1.4,2.3,2.6,7.5,4.0,7.9,5.6
Stiga Genesis M,$31.95,Stiga,8.8,8.9,8.7,4.6,5.7,6.9,6.7,5.5,6.8,7.1
Andro Roxon 500 Pro,TBD,Andro,9.5,8.3,7.5,1.7,5.1,6.5,5.8,3.1,9.2,4.4
Friendship/729 Faster,TBD,Friendship/729,8.7,8.9,8.6,7.0,5.6,6.6,7.2,5.8,8.8,7.1
Andro GTT 45,TBD,Andro,8.4,8.8,9.1,1.4,4.0,4.6,7.0,6.3,7.9,7.9
Tibhar Vari Spin,TBD,Tibhar,7.6,8.6,8.6,3.3,4.1,3.2,5.9,4.7,9.1,6.4
Yinhe Mercury II,TBD,Yinhe (Galaxy/Milkyway),8.4,8.8,8.7,6.1,5.0,4.7,6.6,5.6,8.2,6.2
Yinhe Moon Speed,TBD,Yinhe (Galaxy/Milkyway),8.6,8.0,7.8,2.4,5.1,4.1,7.3,4.1,8.1,6.9
Nittaku Magic Carbon,TBD,Nittaku,7.8,8.0,8.8,2.8,4.5,4.8,5.8,5.1,8.8,7.2
TSP Rise Speed,TBD,TSP,8.6,8.1,8.9,1.6,2.5,5.0,7.8,7.6,10.0,6.8
Andro Plasma 430,TBD,Andro,8.7,8.7,8.4,0.8,1.9,2.3,7.8,6.9,9.3,5.9
Yasaka Pryde 40,TBD,Yasaka,9.2,8.6,7.4,3.7,4.0,6.2,6.7,5.0,7.0,5.3
Friendship/729 Higher 3,TBD,Friendship/729,8.1,8.7,8.4,5.5,4.9,5.7,6.2,5.8,8.9,6.0
Stiga Airoc Astro M,TBD,Stiga,9.0,8.6,8.5,3.1,5.8,5.7,5.8,4.8,7.8,6.0
Butterfly Roundell,TBD,Butterfly,8.7,8.6,8.7,2.6,4.2,3.9,6.1,5.5,8.3,6.3
999 Super 999T,TBD,999,7.5,9.0,9.0,8.8,7.1,7.1,7.3,4.9,7.3,6.9
Andro Roxon 330,TBD,Andro,8.1,8.9,8.6,1.7,2.2,0.3,6.4,4.5,9.2,6.4
Reactor Tornado V5,TBD,Reactor,8.1,8.7,8.7,4.4,5.0,6.6,7.0,5.3,8.9,8.1
Butterfly Sriver L,TBD,Butterfly,8.2,8.1,8.9,2.7,5.2,6.1,7.8,4.2,9.3,7.8
DHS G555,TBD,DHS,7.4,8.9,8.5,7.8,6.3,6.6,5.1,4.4,6.5,7.8
Andro Revo Fire,TBD,Andro,8.3,8.3,8.5,2.4,3.8,4.6,6.0,5.2,10.0,6.6
Sanwei Gears,TBD,Sanwei,7.7,8.8,9.3,5.2,4.5,3.7,8.9,5.4,7.5,7.0
KTL (LKT) Pro XP,TBD,KTL (LKT),7.5,8.6,9.0,4.8,2.6,2.1,5.1,5.0,8.0,7.1
Adidas TenZone SF,TBD,Adidas,8.8,8.8,8.2,0.7,5.7,5.0,7.5,6.7,7.7,6.8
DHS Hurricane 3 (No. 19 Sponge),TBD,DHS,7.7,9.2,9.0,8.1,6.5,6.8,7.0,6.9,5.5,7.9
Andro Roxon 450,TBD,Andro,9.2,7.8,8.0,1.4,4.0,3.9,7.5,3.5,8.5,5.8
Stiga Magna,TBD,Stiga,8.4,8.7,8.1,4.0,4.6,5.6,5.2,4.9,8.1,6.3
Tibhar Nimbus,$53.95,Tibhar,9.1,8.6,8.0,3.4,4.5,5.1,6.3,5.1,6.3,5.3
Yinhe Apollo,TBD,Yinhe (Galaxy/Milkyway),8.1,9.0,8.4,7.6,6.1,5.9,7.2,6.4,6.0,5.4
Stiga DNA Platinum M,$74.95,Stiga,8.9,8.8,8.1,1.1,5.1,6.1,6.7,5.3,8.6,7.3
Stiga DNA Pro S,TBD,Stiga,8.5,8.7,8.7,2.4,4.9,3.5,6.1,6.0,7.9,6.3
Adidas P3,TBD,Adidas,8.7,8.4,8.4,1.8,3.1,4.2,7.9,5.0,8.1,7.0
Sauer & Troger Secret Flow Chop,TBD,Sauer & Troger,7.3,9.1,9.5,5.9,3.7,4.0,7.7,5.1,10.0,7.8
Loki RXTON 5,TBD,Loki,8.6,8.7,8.6,5.3,5.9,8.3,7.0,3.5,9.3,7.5
Dawei Inspirit Quattro,TBD,Dawei,8.7,8.1,8.0,2.4,6.5,4.3,5.8,3.7,8.3,7.4
JOOLA 4 You,TBD,JOOLA,6.7,7.2,8.9,0.4,3.4,3.3,5.1,5.3,7.2,6.2
Donic Desto F3,$38.95,Donic,7.3,8.4,8.4,1.6,3.6,1.2,5.4,4.5,9.1,5.6
Tibhar Genius+ Optimum Sound,TBD,Tibhar,8.8,8.8,8.3,1.3,3.0,1.5,7.5,4.8,9.2,6.6
Nittaku Flyatt Soft,TBD,Nittaku,8.5,8.2,8.9,0.9,2.7,2.4,7.3,4.2,10.0,7.9
Palio CJ8000 36-38,TBD,Palio,8.0,8.3,8.8,4.1,5.0,4.4,4.7,4.5,8.0,6.9
Butterfly Sriver FX,$32.99,Butterfly,7.9,8.1,8.6,2.7,3.5,2.6,7.1,4.8,8.4,7.1
Butterfly Sriver EL,$32.99,Butterfly,7.8,7.8,8.5,2.6,4.0,3.9,6.9,4.4,9.2,7.1
Friendship/729 GeoSpin Tacky,TBD,Friendship/729,7.2,9.1,8.5,7.0,4.2,5.6,5.0,5.0,8.7,6.4
Gambler Reflectoid,TBD,Gambler,5.5,8.0,8.8,7.3,2.3,1.7,5.9,4.3,9.1,7.0
JOOLA Air! ROSnet,TBD,JOOLA,8.9,8.0,8.1,2.0,2.7,3.1,7.0,4.6,8.8,6.3
Friendship/729 Higher,TBD,Friendship/729,8.1,8.9,8.5,6.6,5.6,5.9,5.9,5.2,7.5,7.8
Friendship/729 Sky Wing,TBD,Friendship/729,7.4,8.3,8.7,5.5,2.6,2.5,5.3,4.8,9.0,6.2
Yinhe Apollo III,TBD,Yinhe (Galaxy/Milkyway),8.4,9.3,8.9,8.7,6.5,6.0,7.0,6.5,7.9,6.4
SpinLord Marder,TBD,SpinLord,6.2,8.0,8.9,3.0,3.8,3.1,4.8,3.1,8.5,6.3
JOOLA Samba,TBD,JOOLA,7.7,8.7,9.0,2.4,3.2,0.6,7.0,5.4,8.1,6.9
Haifu Blue Whale III (Tuned),TBD,Haifu,7.5,8.8,7.7,6.2,5.5,6.7,6.8,5.9,5.4,5.6
Butterfly Sriver,$32.99,Butterfly,8.0,8.0,8.5,2.4,4.4,5.3,7.3,3.9,9.0,7.6
DHS Hurricane 3 (H3),TBD,DHS,8.1,8.9,8.6,8.2,7.0,8.5,7.4,5.4,6.8,7.6
Donic Slice 40,TBD,Donic,6.0,8.5,9.0,1.6,1.8,3.3,4.5,2.9,8.2,8.0
Giant Dragon Submarine,TBD,Giant Dragon,6.4,8.2,9.3,5.5,4.1,3.9,6.4,4.1,9.1,7.5
Butterfly Tackiness Drive,$34.99,Butterfly,6.9,8.4,8.9,5.5,4.2,4.9,6.7,5.1,9.8,8.6
Sanwei Gear Hyper,TBD,Sanwei,8.6,8.4,8.8,1.9,4.3,6.2,8.3,3.3,7.5,7.4
Globe 999,TBD,Globe,7.9,9.0,8.7,6.1,5.5,6.8,6.3,4.8,7.8,7.6
Yasaka Mark V GPS,TBD,Yasaka,7.5,7.9,8.3,3.9,3.4,3.3,6.3,4.7,9.4,7.6
Palio Hadou Biotech,TBD,Palio,8.8,9.2,8.8,7.2,6.3,7.2,7.8,6.7,5.7,3.5
SpinLord Marder II,TBD,SpinLord,7.3,8.3,8.8,3.5,3.9,5.0,6.8,4.1,8.2,5.7
Giant Dragon TopENERGY Soft,TBD,Giant Dragon,7.8,9.4,7.9,4.8,6.7,6.8,7.0,5.8,9.1,6.3
Yinhe Mars V2,TBD,Yinhe (Galaxy/Milkyway),8.3,8.3,8.6,2.2,5.1,5.1,5.7,4.4,8.6,6.3
DHS G888,TBD,DHS,8.1,8.8,8.4,7.8,6.8,7.6,6.8,5.1,7.4,7.3
XuShaoFa 999 LSZ,TBD,XuShaoFa,8.5,9.1,9.0,6.1,4.6,6.6,6.8,6.6,7.4,7.0
Kokutaku 868,TBD,Kokutaku,8.2,8.3,8.6,5.9,3.6,4.2,6.5,4.7,8.6,7.8
